event_id,source_type,data_set,engine_id,start_cycle,end_cycle,sensor,label,injection_type,severity_robust_scale,finding,action,post_action_result,evidence_ref,label_confidence,annotator,notes
SYN-00001,synthetic_injection,N-CMAPSS_DS01-005,N-CMAPSS_DS01-005 · Engine 10,5,8,T50,injected_sensor_anomaly,bias_step,4.239,Synthetic signal alteration; not an observed fault.,Not applicable; synthetic benchmark only.,Not applicable.,scripts/evaluate_fault_injection_detector.py,known_by_construction,FleetPulse synthetic generator,Does not establish real aircraft fault-detection performance.
SYN-00002,synthetic_injection,N-CMAPSS_DS01-005,N-CMAPSS_DS01-005 · Engine 10,7,11,Nf,injected_sensor_anomaly,gradual_drift,4.258,Synthetic signal alteration; not an observed fault.,Not applicable; synthetic benchmark only.,Not applicable.,scripts/evaluate_fault_injection_detector.py,known_by_construction,FleetPulse synthetic generator,Does not establish real aircraft fault-detection performance.
SYN-00003,synthetic_injection,N-CMAPSS_DS01-005,N-CMAPSS_DS01-005 · Engine 10,11,11,P21,injected_sensor_anomaly,single_cycle_spike,4.386,Synthetic signal alteration; not an observed fault.,Not applicable; synthetic benchmark only.,Not applicable.,scripts/evaluate_fault_injection_detector.py,known_by_construction,FleetPulse synthetic generator,Does not establish real aircraft fault-detection performance.
SYN-00004,synthetic_injection,N-CMAPSS_DS01-005,N-CMAPSS_DS01-005 · Engine 7,22,25,P50,injected_sensor_anomaly,bias_step,6.795,Synthetic signal alteration; not an observed fault.,Not applicable; synthetic benchmark only.,Not applicable.,scripts/evaluate_fault_injection_detector.py,known_by_construction,FleetPulse synthetic generator,Does not establish real aircraft fault-detection performance.
SYN-00005,synthetic_injection,N-CMAPSS_DS01-005,N-CMAPSS_DS01-005 · Engine 7,2,6,P21,injected_sensor_anomaly,gradual_drift,4.43,Synthetic signal alteration; not an observed fault.,Not applicable; synthetic benchmark only.,Not applicable.,scripts/evaluate_fault_injection_detector.py,known_by_construction,FleetPulse synthetic generator,Does not establish real aircraft fault-detection performance.
SYN-00006,synthetic_injection,N-CMAPSS_DS01-005,N-CMAPSS_DS01-005 · Engine 7,25,25,P15,injected_sensor_anomaly,single_cycle_spike,6.307,Synthetic signal alteration; not an observed fault.,Not applicable; synthetic benchmark only.,Not applicable.,scripts/evaluate_fault_injection_detector.py,known_by_construction,FleetPulse synthetic generator,Does not establish real aircraft fault-detection performance.
SYN-00007,synthetic_injection,N-CMAPSS_DS01-005,N-CMAPSS_DS01-005 · Engine 8,8,11,P2,injected_sensor_anomaly,bias_step,6.833,Synthetic signal alteration; not an observed fault.,Not applicable; synthetic benchmark only.,Not applicable.,scripts/evaluate_fault_injection_detector.py,known_by_construction,FleetPulse synthetic generator,Does not establish real aircraft fault-detection performance.
SYN-00008,synthetic_injection,N-CMAPSS_DS01-005,N-CMAPSS_DS01-005 · Engine 8,17,21,T48,injected_sensor_anomaly,gradual_drift,5.99,Synthetic signal alteration; not an observed fault.,Not applicable; synthetic benchmark only.,Not applicable.,scripts/evaluate_fault_injection_detector.py,known_by_construction,FleetPulse synthetic generator,Does not establish real aircraft fault-detection performance.
SYN-00009,synthetic_injection,N-CMAPSS_DS01-005,N-CMAPSS_DS01-005 · Engine 8,2,2,P40,injected_sensor_anomaly,single_cycle_spike,4.333,Synthetic signal alteration; not an observed fault.,Not applicable; synthetic benchmark only.,Not applicable.,scripts/evaluate_fault_injection_detector.py,known_by_construction,FleetPulse synthetic generator,Does not establish real aircraft fault-detection performance.
SYN-00010,synthetic_injection,N-CMAPSS_DS01-005,N-CMAPSS_DS01-005 · Engine 9,25,28,P50,injected_sensor_anomaly,bias_step,4.869,Synthetic signal alteration; not an observed fault.,Not applicable; synthetic benchmark only.,Not applicable.,scripts/evaluate_fault_injection_detector.py,known_by_construction,FleetPulse synthetic generator,Does not establish real aircraft fault-detection performance.
SYN-00011,synthetic_injection,N-CMAPSS_DS01-005,N-CMAPSS_DS01-005 · Engine 9,2,6,Ps30,injected_sensor_anomaly,gradual_drift,6.861,Synthetic signal alteration; not an observed fault.,Not applicable; synthetic benchmark only.,Not applicable.,scripts/evaluate_fault_injection_detector.py,known_by_construction,FleetPulse synthetic generator,Does not establish real aircraft fault-detection performance.
SYN-00012,synthetic_injection,N-CMAPSS_DS01-005,N-CMAPSS_DS01-005 · Engine 9,32,32,P2,injected_sensor_anomaly,single_cycle_spike,4.122,Synthetic signal alteration; not an observed fault.,Not applicable; synthetic benchmark only.,Not applicable.,scripts/evaluate_fault_injection_detector.py,known_by_construction,FleetPulse synthetic generator,Does not establish real aircraft fault-detection performance.
SYN-00013,synthetic_injection,N-CMAPSS_DS02-006,N-CMAPSS_DS02-006 · Engine 11,3,6,T24,injected_sensor_anomaly,bias_step,5.892,Synthetic signal alteration; not an observed fault.,Not applicable; synthetic benchmark only.,Not applicable.,scripts/evaluate_fault_injection_detector.py,known_by_construction,FleetPulse synthetic generator,Does not establish real aircraft fault-detection performance.
SYN-00014,synthetic_injection,N-CMAPSS_DS02-006,N-CMAPSS_DS02-006 · Engine 11,7,11,Nf,injected_sensor_anomaly,gradual_drift,4.167,Synthetic signal alteration; not an observed fault.,Not applicable; synthetic benchmark only.,Not applicable.,scripts/evaluate_fault_injection_detector.py,known_by_construction,FleetPulse synthetic generator,Does not establish real aircraft fault-detection performance.
SYN-00015,synthetic_injection,N-CMAPSS_DS02-006,N-CMAPSS_DS02-006 · Engine 11,17,17,T30,injected_sensor_anomaly,single_cycle_spike,5.635,Synthetic signal alteration; not an observed fault.,Not applicable; synthetic benchmark only.,Not applicable.,scripts/evaluate_fault_injection_detector.py,known_by_construction,FleetPulse synthetic generator,Does not establish real aircraft fault-detection performance.
SYN-00016,synthetic_injection,N-CMAPSS_DS02-006,N-CMAPSS_DS02-006 · Engine 14,4,7,P24,injected_sensor_anomaly,bias_step,4.675,Synthetic signal alteration; not an observed fault.,Not applicable; synthetic benchmark only.,Not applicable.,scripts/evaluate_fault_injection_detector.py,known_by_construction,FleetPulse synthetic generator,Does not establish real aircraft fault-detection performance.
SYN-00017,synthetic_injection,N-CMAPSS_DS02-006,N-CMAPSS_DS02-006 · Engine 14,29,33,P15,injected_sensor_anomaly,gradual_drift,6.063,Synthetic signal alteration; not an observed fault.,Not applicable; synthetic benchmark only.,Not applicable.,scripts/evaluate_fault_injection_detector.py,known_by_construction,FleetPulse synthetic generator,Does not establish real aircraft fault-detection performance.
SYN-00018,synthetic_injection,N-CMAPSS_DS02-006,N-CMAPSS_DS02-006 · Engine 14,29,29,P24,injected_sensor_anomaly,single_cycle_spike,6.226,Synthetic signal alteration; not an observed fault.,Not applicable; synthetic benchmark only.,Not applicable.,scripts/evaluate_fault_injection_detector.py,known_by_construction,FleetPulse synthetic generator,Does not establish real aircraft fault-detection performance.
SYN-00019,synthetic_injection,N-CMAPSS_DS02-006,N-CMAPSS_DS02-006 · Engine 15,9,12,P50,injected_sensor_anomaly,bias_step,4.43,Synthetic signal alteration; not an observed fault.,Not applicable; synthetic benchmark only.,Not applicable.,scripts/evaluate_fault_injection_detector.py,known_by_construction,FleetPulse synthetic generator,Does not establish real aircraft fault-detection performance.
SYN-00020,synthetic_injection,N-CMAPSS_DS02-006,N-CMAPSS_DS02-006 · Engine 15,4,8,T48,injected_sensor_anomaly,gradual_drift,5.449,Synthetic signal alteration; not an observed fault.,Not applicable; synthetic benchmark only.,Not applicable.,scripts/evaluate_fault_injection_detector.py,known_by_construction,FleetPulse synthetic generator,Does not establish real aircraft fault-detection performance.
SYN-00021,synthetic_injection,N-CMAPSS_DS02-006,N-CMAPSS_DS02-006 · Engine 15,12,12,T50,injected_sensor_anomaly,single_cycle_spike,6.907,Synthetic signal alteration; not an observed fault.,Not applicable; synthetic benchmark only.,Not applicable.,scripts/evaluate_fault_injection_detector.py,known_by_construction,FleetPulse synthetic generator,Does not establish real aircraft fault-detection performance.
SYN-00022,synthetic_injection,N-CMAPSS_DS03-012,N-CMAPSS_DS03-012 · Engine 10,12,15,P40,injected_sensor_anomaly,bias_step,4.106,Synthetic signal alteration; not an observed fault.,Not applicable; synthetic benchmark only.,Not applicable.,scripts/evaluate_fault_injection_detector.py,known_by_construction,FleetPulse synthetic generator,Does not establish real aircraft fault-detection performance.
SYN-00023,synthetic_injection,N-CMAPSS_DS03-012,N-CMAPSS_DS03-012 · Engine 10,7,11,P21,injected_sensor_anomaly,gradual_drift,4.838,Synthetic signal alteration; not an observed fault.,Not applicable; synthetic benchmark only.,Not applicable.,scripts/evaluate_fault_injection_detector.py,known_by_construction,FleetPulse synthetic generator,Does not establish real aircraft fault-detection performance.
SYN-00024,synthetic_injection,N-CMAPSS_DS03-012,N-CMAPSS_DS03-012 · Engine 10,14,14,P24,injected_sensor_anomaly,single_cycle_spike,6.283,Synthetic signal alteration; not an observed fault.,Not applicable; synthetic benchmark only.,Not applicable.,scripts/evaluate_fault_injection_detector.py,known_by_construction,FleetPulse synthetic generator,Does not establish real aircraft fault-detection performance.
SYN-00025,synthetic_injection,N-CMAPSS_DS03-012,N-CMAPSS_DS03-012 · Engine 11,2,5,P50,injected_sensor_anomaly,bias_step,4.637,Synthetic signal alteration; not an observed fault.,Not applicable; synthetic benchmark only.,Not applicable.,scripts/evaluate_fault_injection_detector.py,known_by_construction,FleetPulse synthetic generator,Does not establish real aircraft fault-detection performance.
SYN-00026,synthetic_injection,N-CMAPSS_DS03-012,N-CMAPSS_DS03-012 · Engine 11,3,7,P24,injected_sensor_anomaly,gradual_drift,6.341,Synthetic signal alteration; not an observed fault.,Not applicable; synthetic benchmark only.,Not applicable.,scripts/evaluate_fault_injection_detector.py,known_by_construction,FleetPulse synthetic generator,Does not establish real aircraft fault-detection performance.
SYN-00027,synthetic_injection,N-CMAPSS_DS03-012,N-CMAPSS_DS03-012 · Engine 11,11,11,P50,injected_sensor_anomaly,single_cycle_spike,5.588,Synthetic signal alteration; not an observed fault.,Not applicable; synthetic benchmark only.,Not applicable.,scripts/evaluate_fault_injection_detector.py,known_by_construction,FleetPulse synthetic generator,Does not establish real aircraft fault-detection performance.
SYN-00028,synthetic_injection,N-CMAPSS_DS03-012,N-CMAPSS_DS03-012 · Engine 12,6,9,Wf,injected_sensor_anomaly,bias_step,6.602,Synthetic signal alteration; not an observed fault.,Not applicable; synthetic benchmark only.,Not applicable.,scripts/evaluate_fault_injection_detector.py,known_by_construction,FleetPulse synthetic generator,Does not establish real aircraft fault-detection performance.
SYN-00029,synthetic_injection,N-CMAPSS_DS03-012,N-CMAPSS_DS03-012 · Engine 12,27,31,T30,injected_sensor_anomaly,gradual_drift,4.599,Synthetic signal alteration; not an observed fault.,Not applicable; synthetic benchmark only.,Not applicable.,scripts/evaluate_fault_injection_detector.py,known_by_construction,FleetPulse synthetic generator,Does not establish real aircraft fault-detection performance.
SYN-00030,synthetic_injection,N-CMAPSS_DS03-012,N-CMAPSS_DS03-012 · Engine 12,27,27,P15,injected_sensor_anomaly,single_cycle_spike,4.866,Synthetic signal alteration; not an observed fault.,Not applicable; synthetic benchmark only.,Not applicable.,scripts/evaluate_fault_injection_detector.py,known_by_construction,FleetPulse synthetic generator,Does not establish real aircraft fault-detection performance.
SYN-00031,synthetic_injection,N-CMAPSS_DS03-012,N-CMAPSS_DS03-012 · Engine 13,4,7,P15,injected_sensor_anomaly,bias_step,5.978,Synthetic signal alteration; not an observed fault.,Not applicable; synthetic benchmark only.,Not applicable.,scripts/evaluate_fault_injection_detector.py,known_by_construction,FleetPulse synthetic generator,Does not establish real aircraft fault-detection performance.
SYN-00032,synthetic_injection,N-CMAPSS_DS03-012,N-CMAPSS_DS03-012 · Engine 13,12,16,P40,injected_sensor_anomaly,gradual_drift,6.755,Synthetic signal alteration; not an observed fault.,Not applicable; synthetic benchmark only.,Not applicable.,scripts/evaluate_fault_injection_detector.py,known_by_construction,FleetPulse synthetic generator,Does not establish real aircraft fault-detection performance.
SYN-00033,synthetic_injection,N-CMAPSS_DS03-012,N-CMAPSS_DS03-012 · Engine 13,3,3,P2,injected_sensor_anomaly,single_cycle_spike,5.559,Synthetic signal alteration; not an observed fault.,Not applicable; synthetic benchmark only.,Not applicable.,scripts/evaluate_fault_injection_detector.py,known_by_construction,FleetPulse synthetic generator,Does not establish real aircraft fault-detection performance.
SYN-00034,synthetic_injection,N-CMAPSS_DS03-012,N-CMAPSS_DS03-012 · Engine 14,11,14,T24,injected_sensor_anomaly,bias_step,6.563,Synthetic signal alteration; not an observed fault.,Not applicable; synthetic benchmark only.,Not applicable.,scripts/evaluate_fault_injection_detector.py,known_by_construction,FleetPulse synthetic generator,Does not establish real aircraft fault-detection performance.
SYN-00035,synthetic_injection,N-CMAPSS_DS03-012,N-CMAPSS_DS03-012 · Engine 14,4,8,Nc,injected_sensor_anomaly,gradual_drift,4.025,Synthetic signal alteration; not an observed fault.,Not applicable; synthetic benchmark only.,Not applicable.,scripts/evaluate_fault_injection_detector.py,known_by_construction,FleetPulse synthetic generator,Does not establish real aircraft fault-detection performance.
SYN-00036,synthetic_injection,N-CMAPSS_DS03-012,N-CMAPSS_DS03-012 · Engine 14,21,21,Ps30,injected_sensor_anomaly,single_cycle_spike,4.483,Synthetic signal alteration; not an observed fault.,Not applicable; synthetic benchmark only.,Not applicable.,scripts/evaluate_fault_injection_detector.py,known_by_construction,FleetPulse synthetic generator,Does not establish real aircraft fault-detection performance.
SYN-00037,synthetic_injection,N-CMAPSS_DS03-012,N-CMAPSS_DS03-012 · Engine 15,10,13,P24,injected_sensor_anomaly,bias_step,4.292,Synthetic signal alteration; not an observed fault.,Not applicable; synthetic benchmark only.,Not applicable.,scripts/evaluate_fault_injection_detector.py,known_by_construction,FleetPulse synthetic generator,Does not establish real aircraft fault-detection performance.
SYN-00038,synthetic_injection,N-CMAPSS_DS03-012,N-CMAPSS_DS03-012 · Engine 15,15,19,Nf,injected_sensor_anomaly,gradual_drift,4.945,Synthetic signal alteration; not an observed fault.,Not applicable; synthetic benchmark only.,Not applicable.,scripts/evaluate_fault_injection_detector.py,known_by_construction,FleetPulse synthetic generator,Does not establish real aircraft fault-detection performance.
SYN-00039,synthetic_injection,N-CMAPSS_DS03-012,N-CMAPSS_DS03-012 · Engine 15,2,2,P2,injected_sensor_anomaly,single_cycle_spike,4.618,Synthetic signal alteration; not an observed fault.,Not applicable; synthetic benchmark only.,Not applicable.,scripts/evaluate_fault_injection_detector.py,known_by_construction,FleetPulse synthetic generator,Does not establish real aircraft fault-detection performance.
SYN-00040,synthetic_injection,N-CMAPSS_DS04,N-CMAPSS_DS04 · Engine 10,3,6,Nc,injected_sensor_anomaly,bias_step,4.608,Synthetic signal alteration; not an observed fault.,Not applicable; synthetic benchmark only.,Not applicable.,scripts/evaluate_fault_injection_detector.py,known_by_construction,FleetPulse synthetic generator,Does not establish real aircraft fault-detection performance.
SYN-00041,synthetic_injection,N-CMAPSS_DS04,N-CMAPSS_DS04 · Engine 10,6,10,P21,injected_sensor_anomaly,gradual_drift,4.242,Synthetic signal alteration; not an observed fault.,Not applicable; synthetic benchmark only.,Not applicable.,scripts/evaluate_fault_injection_detector.py,known_by_construction,FleetPulse synthetic generator,Does not establish real aircraft fault-detection performance.
SYN-00042,synthetic_injection,N-CMAPSS_DS04,N-CMAPSS_DS04 · Engine 10,6,6,P15,injected_sensor_anomaly,single_cycle_spike,5.427,Synthetic signal alteration; not an observed fault.,Not applicable; synthetic benchmark only.,Not applicable.,scripts/evaluate_fault_injection_detector.py,known_by_construction,FleetPulse synthetic generator,Does not establish real aircraft fault-detection performance.
SYN-00043,synthetic_injection,N-CMAPSS_DS04,N-CMAPSS_DS04 · Engine 7,5,8,Ps30,injected_sensor_anomaly,bias_step,4.329,Synthetic signal alteration; not an observed fault.,Not applicable; synthetic benchmark only.,Not applicable.,scripts/evaluate_fault_injection_detector.py,known_by_construction,FleetPulse synthetic generator,Does not establish real aircraft fault-detection performance.
SYN-00044,synthetic_injection,N-CMAPSS_DS04,N-CMAPSS_DS04 · Engine 7,10,14,Wf,injected_sensor_anomaly,gradual_drift,6.515,Synthetic signal alteration; not an observed fault.,Not applicable; synthetic benchmark only.,Not applicable.,scripts/evaluate_fault_injection_detector.py,known_by_construction,FleetPulse synthetic generator,Does not establish real aircraft fault-detection performance.
SYN-00045,synthetic_injection,N-CMAPSS_DS04,N-CMAPSS_DS04 · Engine 7,20,20,P24,injected_sensor_anomaly,single_cycle_spike,4.498,Synthetic signal alteration; not an observed fault.,Not applicable; synthetic benchmark only.,Not applicable.,scripts/evaluate_fault_injection_detector.py,known_by_construction,FleetPulse synthetic generator,Does not establish real aircraft fault-detection performance.
SYN-00046,synthetic_injection,N-CMAPSS_DS04,N-CMAPSS_DS04 · Engine 8,4,7,P15,injected_sensor_anomaly,bias_step,4.258,Synthetic signal alteration; not an observed fault.,Not applicable; synthetic benchmark only.,Not applicable.,scripts/evaluate_fault_injection_detector.py,known_by_construction,FleetPulse synthetic generator,Does not establish real aircraft fault-detection performance.
SYN-00047,synthetic_injection,N-CMAPSS_DS04,N-CMAPSS_DS04 · Engine 8,4,8,P15,injected_sensor_anomaly,gradual_drift,4.797,Synthetic signal alteration; not an observed fault.,Not applicable; synthetic benchmark only.,Not applicable.,scripts/evaluate_fault_injection_detector.py,known_by_construction,FleetPulse synthetic generator,Does not establish real aircraft fault-detection performance.
SYN-00048,synthetic_injection,N-CMAPSS_DS04,N-CMAPSS_DS04 · Engine 8,5,5,Nf,injected_sensor_anomaly,single_cycle_spike,6.295,Synthetic signal alteration; not an observed fault.,Not applicable; synthetic benchmark only.,Not applicable.,scripts/evaluate_fault_injection_detector.py,known_by_construction,FleetPulse synthetic generator,Does not establish real aircraft fault-detection performance.
SYN-00049,synthetic_injection,N-CMAPSS_DS04,N-CMAPSS_DS04 · Engine 9,5,8,P15,injected_sensor_anomaly,bias_step,6.448,Synthetic signal alteration; not an observed fault.,Not applicable; synthetic benchmark only.,Not applicable.,scripts/evaluate_fault_injection_detector.py,known_by_construction,FleetPulse synthetic generator,Does not establish real aircraft fault-detection performance.
SYN-00050,synthetic_injection,N-CMAPSS_DS04,N-CMAPSS_DS04 · Engine 9,8,12,T24,injected_sensor_anomaly,gradual_drift,6.733,Synthetic signal alteration; not an observed fault.,Not applicable; synthetic benchmark only.,Not applicable.,scripts/evaluate_fault_injection_detector.py,known_by_construction,FleetPulse synthetic generator,Does not establish real aircraft fault-detection performance.
SYN-00051,synthetic_injection,N-CMAPSS_DS04,N-CMAPSS_DS04 · Engine 9,8,8,Wf,injected_sensor_anomaly,single_cycle_spike,6.214,Synthetic signal alteration; not an observed fault.,Not applicable; synthetic benchmark only.,Not applicable.,scripts/evaluate_fault_injection_detector.py,known_by_construction,FleetPulse synthetic generator,Does not establish real aircraft fault-detection performance.
SYN-00052,synthetic_injection,N-CMAPSS_DS05,N-CMAPSS_DS05 · Engine 10,9,12,Ps30,injected_sensor_anomaly,bias_step,4.8,Synthetic signal alteration; not an observed fault.,Not applicable; synthetic benchmark only.,Not applicable.,scripts/evaluate_fault_injection_detector.py,known_by_construction,FleetPulse synthetic generator,Does not establish real aircraft fault-detection performance.
SYN-00053,synthetic_injection,N-CMAPSS_DS05,N-CMAPSS_DS05 · Engine 10,9,13,P21,injected_sensor_anomaly,gradual_drift,6.264,Synthetic signal alteration; not an observed fault.,Not applicable; synthetic benchmark only.,Not applicable.,scripts/evaluate_fault_injection_detector.py,known_by_construction,FleetPulse synthetic generator,Does not establish real aircraft fault-detection performance.
SYN-00054,synthetic_injection,N-CMAPSS_DS05,N-CMAPSS_DS05 · Engine 10,23,23,T50,injected_sensor_anomaly,single_cycle_spike,6.428,Synthetic signal alteration; not an observed fault.,Not applicable; synthetic benchmark only.,Not applicable.,scripts/evaluate_fault_injection_detector.py,known_by_construction,FleetPulse synthetic generator,Does not establish real aircraft fault-detection performance.
SYN-00055,synthetic_injection,N-CMAPSS_DS05,N-CMAPSS_DS05 · Engine 7,10,13,T30,injected_sensor_anomaly,bias_step,6.246,Synthetic signal alteration; not an observed fault.,Not applicable; synthetic benchmark only.,Not applicable.,scripts/evaluate_fault_injection_detector.py,known_by_construction,FleetPulse synthetic generator,Does not establish real aircraft fault-detection performance.
SYN-00056,synthetic_injection,N-CMAPSS_DS05,N-CMAPSS_DS05 · Engine 7,5,9,P50,injected_sensor_anomaly,gradual_drift,6.84,Synthetic signal alteration; not an observed fault.,Not applicable; synthetic benchmark only.,Not applicable.,scripts/evaluate_fault_injection_detector.py,known_by_construction,FleetPulse synthetic generator,Does not establish real aircraft fault-detection performance.
SYN-00057,synthetic_injection,N-CMAPSS_DS05,N-CMAPSS_DS05 · Engine 7,7,7,P2,injected_sensor_anomaly,single_cycle_spike,5.132,Synthetic signal alteration; not an observed fault.,Not applicable; synthetic benchmark only.,Not applicable.,scripts/evaluate_fault_injection_detector.py,known_by_construction,FleetPulse synthetic generator,Does not establish real aircraft fault-detection performance.
SYN-00058,synthetic_injection,N-CMAPSS_DS05,N-CMAPSS_DS05 · Engine 8,21,24,P2,injected_sensor_anomaly,bias_step,5.067,Synthetic signal alteration; not an observed fault.,Not applicable; synthetic benchmark only.,Not applicable.,scripts/evaluate_fault_injection_detector.py,known_by_construction,FleetPulse synthetic generator,Does not establish real aircraft fault-detection performance.
SYN-00059,synthetic_injection,N-CMAPSS_DS05,N-CMAPSS_DS05 · Engine 8,7,11,P21,injected_sensor_anomaly,gradual_drift,5.659,Synthetic signal alteration; not an observed fault.,Not applicable; synthetic benchmark only.,Not applicable.,scripts/evaluate_fault_injection_detector.py,known_by_construction,FleetPulse synthetic generator,Does not establish real aircraft fault-detection performance.
SYN-00060,synthetic_injection,N-CMAPSS_DS05,N-CMAPSS_DS05 · Engine 8,8,8,P50,injected_sensor_anomaly,single_cycle_spike,4.041,Synthetic signal alteration; not an observed fault.,Not applicable; synthetic benchmark only.,Not applicable.,scripts/evaluate_fault_injection_detector.py,known_by_construction,FleetPulse synthetic generator,Does not establish real aircraft fault-detection performance.
SYN-00061,synthetic_injection,N-CMAPSS_DS05,N-CMAPSS_DS05 · Engine 9,13,16,P24,injected_sensor_anomaly,bias_step,5.89,Synthetic signal alteration; not an observed fault.,Not applicable; synthetic benchmark only.,Not applicable.,scripts/evaluate_fault_injection_detector.py,known_by_construction,FleetPulse synthetic generator,Does not establish real aircraft fault-detection performance.
SYN-00062,synthetic_injection,N-CMAPSS_DS05,N-CMAPSS_DS05 · Engine 9,6,10,T50,injected_sensor_anomaly,gradual_drift,4.772,Synthetic signal alteration; not an observed fault.,Not applicable; synthetic benchmark only.,Not applicable.,scripts/evaluate_fault_injection_detector.py,known_by_construction,FleetPulse synthetic generator,Does not establish real aircraft fault-detection performance.
SYN-00063,synthetic_injection,N-CMAPSS_DS05,N-CMAPSS_DS05 · Engine 9,4,4,P15,injected_sensor_anomaly,single_cycle_spike,5.672,Synthetic signal alteration; not an observed fault.,Not applicable; synthetic benchmark only.,Not applicable.,scripts/evaluate_fault_injection_detector.py,known_by_construction,FleetPulse synthetic generator,Does not establish real aircraft fault-detection performance.
SYN-00064,synthetic_injection,N-CMAPSS_DS06,N-CMAPSS_DS06 · Engine 10,28,31,T50,injected_sensor_anomaly,bias_step,5.532,Synthetic signal alteration; not an observed fault.,Not applicable; synthetic benchmark only.,Not applicable.,scripts/evaluate_fault_injection_detector.py,known_by_construction,FleetPulse synthetic generator,Does not establish real aircraft fault-detection performance.
SYN-00065,synthetic_injection,N-CMAPSS_DS06,N-CMAPSS_DS06 · Engine 10,3,7,T50,injected_sensor_anomaly,gradual_drift,6.769,Synthetic signal alteration; not an observed fault.,Not applicable; synthetic benchmark only.,Not applicable.,scripts/evaluate_fault_injection_detector.py,known_by_construction,FleetPulse synthetic generator,Does not establish real aircraft fault-detection performance.
SYN-00066,synthetic_injection,N-CMAPSS_DS06,N-CMAPSS_DS06 · Engine 10,20,20,P21,injected_sensor_anomaly,single_cycle_spike,6.407,Synthetic signal alteration; not an observed fault.,Not applicable; synthetic benchmark only.,Not applicable.,scripts/evaluate_fault_injection_detector.py,known_by_construction,FleetPulse synthetic generator,Does not establish real aircraft fault-detection performance.
SYN-00067,synthetic_injection,N-CMAPSS_DS06,N-CMAPSS_DS06 · Engine 7,6,9,Nc,injected_sensor_anomaly,bias_step,6.283,Synthetic signal alteration; not an observed fault.,Not applicable; synthetic benchmark only.,Not applicable.,scripts/evaluate_fault_injection_detector.py,known_by_construction,FleetPulse synthetic generator,Does not establish real aircraft fault-detection performance.
SYN-00068,synthetic_injection,N-CMAPSS_DS06,N-CMAPSS_DS06 · Engine 7,7,11,P15,injected_sensor_anomaly,gradual_drift,4.71,Synthetic signal alteration; not an observed fault.,Not applicable; synthetic benchmark only.,Not applicable.,scripts/evaluate_fault_injection_detector.py,known_by_construction,FleetPulse synthetic generator,Does not establish real aircraft fault-detection performance.
SYN-00069,synthetic_injection,N-CMAPSS_DS06,N-CMAPSS_DS06 · Engine 7,5,5,Nf,injected_sensor_anomaly,single_cycle_spike,4.2,Synthetic signal alteration; not an observed fault.,Not applicable; synthetic benchmark only.,Not applicable.,scripts/evaluate_fault_injection_detector.py,known_by_construction,FleetPulse synthetic generator,Does not establish real aircraft fault-detection performance.
SYN-00070,synthetic_injection,N-CMAPSS_DS06,N-CMAPSS_DS06 · Engine 8,11,14,P15,injected_sensor_anomaly,bias_step,6.803,Synthetic signal alteration; not an observed fault.,Not applicable; synthetic benchmark only.,Not applicable.,scripts/evaluate_fault_injection_detector.py,known_by_construction,FleetPulse synthetic generator,Does not establish real aircraft fault-detection performance.
SYN-00071,synthetic_injection,N-CMAPSS_DS06,N-CMAPSS_DS06 · Engine 8,20,24,P21,injected_sensor_anomaly,gradual_drift,4.39,Synthetic signal alteration; not an observed fault.,Not applicable; synthetic benchmark only.,Not applicable.,scripts/evaluate_fault_injection_detector.py,known_by_construction,FleetPulse synthetic generator,Does not establish real aircraft fault-detection performance.
SYN-00072,synthetic_injection,N-CMAPSS_DS06,N-CMAPSS_DS06 · Engine 8,2,2,P50,injected_sensor_anomaly,single_cycle_spike,6.213,Synthetic signal alteration; not an observed fault.,Not applicable; synthetic benchmark only.,Not applicable.,scripts/evaluate_fault_injection_detector.py,known_by_construction,FleetPulse synthetic generator,Does not establish real aircraft fault-detection performance.
SYN-00073,synthetic_injection,N-CMAPSS_DS06,N-CMAPSS_DS06 · Engine 9,11,14,P40,injected_sensor_anomaly,bias_step,5.008,Synthetic signal alteration; not an observed fault.,Not applicable; synthetic benchmark only.,Not applicable.,scripts/evaluate_fault_injection_detector.py,known_by_construction,FleetPulse synthetic generator,Does not establish real aircraft fault-detection performance.
SYN-00074,synthetic_injection,N-CMAPSS_DS06,N-CMAPSS_DS06 · Engine 9,11,15,P2,injected_sensor_anomaly,gradual_drift,5.759,Synthetic signal alteration; not an observed fault.,Not applicable; synthetic benchmark only.,Not applicable.,scripts/evaluate_fault_injection_detector.py,known_by_construction,FleetPulse synthetic generator,Does not establish real aircraft fault-detection performance.
SYN-00075,synthetic_injection,N-CMAPSS_DS06,N-CMAPSS_DS06 · Engine 9,9,9,T24,injected_sensor_anomaly,single_cycle_spike,6.647,Synthetic signal alteration; not an observed fault.,Not applicable; synthetic benchmark only.,Not applicable.,scripts/evaluate_fault_injection_detector.py,known_by_construction,FleetPulse synthetic generator,Does not establish real aircraft fault-detection performance.
SYN-00076,synthetic_injection,N-CMAPSS_DS07,N-CMAPSS_DS07 · Engine 10,32,35,T30,injected_sensor_anomaly,bias_step,4.534,Synthetic signal alteration; not an observed fault.,Not applicable; synthetic benchmark only.,Not applicable.,scripts/evaluate_fault_injection_detector.py,known_by_construction,FleetPulse synthetic generator,Does not establish real aircraft fault-detection performance.
SYN-00077,synthetic_injection,N-CMAPSS_DS07,N-CMAPSS_DS07 · Engine 10,14,18,Wf,injected_sensor_anomaly,gradual_drift,6.314,Synthetic signal alteration; not an observed fault.,Not applicable; synthetic benchmark only.,Not applicable.,scripts/evaluate_fault_injection_detector.py,known_by_construction,FleetPulse synthetic generator,Does not establish real aircraft fault-detection performance.
SYN-00078,synthetic_injection,N-CMAPSS_DS07,N-CMAPSS_DS07 · Engine 10,22,22,P21,injected_sensor_anomaly,single_cycle_spike,5.846,Synthetic signal alteration; not an observed fault.,Not applicable; synthetic benchmark only.,Not applicable.,scripts/evaluate_fault_injection_detector.py,known_by_construction,FleetPulse synthetic generator,Does not establish real aircraft fault-detection performance.
SYN-00079,synthetic_injection,N-CMAPSS_DS07,N-CMAPSS_DS07 · Engine 7,19,22,T24,injected_sensor_anomaly,bias_step,5.373,Synthetic signal alteration; not an observed fault.,Not applicable; synthetic benchmark only.,Not applicable.,scripts/evaluate_fault_injection_detector.py,known_by_construction,FleetPulse synthetic generator,Does not establish real aircraft fault-detection performance.
SYN-00080,synthetic_injection,N-CMAPSS_DS07,N-CMAPSS_DS07 · Engine 7,4,8,T30,injected_sensor_anomaly,gradual_drift,4.535,Synthetic signal alteration; not an observed fault.,Not applicable; synthetic benchmark only.,Not applicable.,scripts/evaluate_fault_injection_detector.py,known_by_construction,FleetPulse synthetic generator,Does not establish real aircraft fault-detection performance.
SYN-00081,synthetic_injection,N-CMAPSS_DS07,N-CMAPSS_DS07 · Engine 7,3,3,P50,injected_sensor_anomaly,single_cycle_spike,6.773,Synthetic signal alteration; not an observed fault.,Not applicable; synthetic benchmark only.,Not applicable.,scripts/evaluate_fault_injection_detector.py,known_by_construction,FleetPulse synthetic generator,Does not establish real aircraft fault-detection performance.
SYN-00082,synthetic_injection,N-CMAPSS_DS07,N-CMAPSS_DS07 · Engine 8,21,24,T24,injected_sensor_anomaly,bias_step,6.811,Synthetic signal alteration; not an observed fault.,Not applicable; synthetic benchmark only.,Not applicable.,scripts/evaluate_fault_injection_detector.py,known_by_construction,FleetPulse synthetic generator,Does not establish real aircraft fault-detection performance.
SYN-00083,synthetic_injection,N-CMAPSS_DS07,N-CMAPSS_DS07 · Engine 8,23,27,Wf,injected_sensor_anomaly,gradual_drift,6.879,Synthetic signal alteration; not an observed fault.,Not applicable; synthetic benchmark only.,Not applicable.,scripts/evaluate_fault_injection_detector.py,known_by_construction,FleetPulse synthetic generator,Does not establish real aircraft fault-detection performance.
SYN-00084,synthetic_injection,N-CMAPSS_DS07,N-CMAPSS_DS07 · Engine 8,27,27,Nc,injected_sensor_anomaly,single_cycle_spike,6.806,Synthetic signal alteration; not an observed fault.,Not applicable; synthetic benchmark only.,Not applicable.,scripts/evaluate_fault_injection_detector.py,known_by_construction,FleetPulse synthetic generator,Does not establish real aircraft fault-detection performance.
SYN-00085,synthetic_injection,N-CMAPSS_DS07,N-CMAPSS_DS07 · Engine 9,14,17,Ps30,injected_sensor_anomaly,bias_step,4.037,Synthetic signal alteration; not an observed fault.,Not applicable; synthetic benchmark only.,Not applicable.,scripts/evaluate_fault_injection_detector.py,known_by_construction,FleetPulse synthetic generator,Does not establish real aircraft fault-detection performance.
SYN-00086,synthetic_injection,N-CMAPSS_DS07,N-CMAPSS_DS07 · Engine 9,5,9,T50,injected_sensor_anomaly,gradual_drift,6.093,Synthetic signal alteration; not an observed fault.,Not applicable; synthetic benchmark only.,Not applicable.,scripts/evaluate_fault_injection_detector.py,known_by_construction,FleetPulse synthetic generator,Does not establish real aircraft fault-detection performance.
SYN-00087,synthetic_injection,N-CMAPSS_DS07,N-CMAPSS_DS07 · Engine 9,13,13,P21,injected_sensor_anomaly,single_cycle_spike,4.129,Synthetic signal alteration; not an observed fault.,Not applicable; synthetic benchmark only.,Not applicable.,scripts/evaluate_fault_injection_detector.py,known_by_construction,FleetPulse synthetic generator,Does not establish real aircraft fault-detection performance.
SYN-00088,synthetic_injection,N-CMAPSS_DS08a-009,N-CMAPSS_DS08a-009 · Engine 10,23,26,Nc,injected_sensor_anomaly,bias_step,5.659,Synthetic signal alteration; not an observed fault.,Not applicable; synthetic benchmark only.,Not applicable.,scripts/evaluate_fault_injection_detector.py,known_by_construction,FleetPulse synthetic generator,Does not establish real aircraft fault-detection performance.
SYN-00089,synthetic_injection,N-CMAPSS_DS08a-009,N-CMAPSS_DS08a-009 · Engine 10,9,13,Ps30,injected_sensor_anomaly,gradual_drift,6.049,Synthetic signal alteration; not an observed fault.,Not applicable; synthetic benchmark only.,Not applicable.,scripts/evaluate_fault_injection_detector.py,known_by_construction,FleetPulse synthetic generator,Does not establish real aircraft fault-detection performance.
SYN-00090,synthetic_injection,N-CMAPSS_DS08a-009,N-CMAPSS_DS08a-009 · Engine 10,25,25,P15,injected_sensor_anomaly,single_cycle_spike,4.88,Synthetic signal alteration; not an observed fault.,Not applicable; synthetic benchmark only.,Not applicable.,scripts/evaluate_fault_injection_detector.py,known_by_construction,FleetPulse synthetic generator,Does not establish real aircraft fault-detection performance.
SYN-00091,synthetic_injection,N-CMAPSS_DS08a-009,N-CMAPSS_DS08a-009 · Engine 11,10,13,T48,injected_sensor_anomaly,bias_step,4.553,Synthetic signal alteration; not an observed fault.,Not applicable; synthetic benchmark only.,Not applicable.,scripts/evaluate_fault_injection_detector.py,known_by_construction,FleetPulse synthetic generator,Does not establish real aircraft fault-detection performance.
SYN-00092,synthetic_injection,N-CMAPSS_DS08a-009,N-CMAPSS_DS08a-009 · Engine 11,14,18,Nc,injected_sensor_anomaly,gradual_drift,4.686,Synthetic signal alteration; not an observed fault.,Not applicable; synthetic benchmark only.,Not applicable.,scripts/evaluate_fault_injection_detector.py,known_by_construction,FleetPulse synthetic generator,Does not establish real aircraft fault-detection performance.
SYN-00093,synthetic_injection,N-CMAPSS_DS08a-009,N-CMAPSS_DS08a-009 · Engine 11,2,2,P40,injected_sensor_anomaly,single_cycle_spike,6.925,Synthetic signal alteration; not an observed fault.,Not applicable; synthetic benchmark only.,Not applicable.,scripts/evaluate_fault_injection_detector.py,known_by_construction,FleetPulse synthetic generator,Does not establish real aircraft fault-detection performance.
SYN-00094,synthetic_injection,N-CMAPSS_DS08a-009,N-CMAPSS_DS08a-009 · Engine 12,2,5,P21,injected_sensor_anomaly,bias_step,6.724,Synthetic signal alteration; not an observed fault.,Not applicable; synthetic benchmark only.,Not applicable.,scripts/evaluate_fault_injection_detector.py,known_by_construction,FleetPulse synthetic generator,Does not establish real aircraft fault-detection performance.
SYN-00095,synthetic_injection,N-CMAPSS_DS08a-009,N-CMAPSS_DS08a-009 · Engine 12,8,12,T24,injected_sensor_anomaly,gradual_drift,6.621,Synthetic signal alteration; not an observed fault.,Not applicable; synthetic benchmark only.,Not applicable.,scripts/evaluate_fault_injection_detector.py,known_by_construction,FleetPulse synthetic generator,Does not establish real aircraft fault-detection performance.
SYN-00096,synthetic_injection,N-CMAPSS_DS08a-009,N-CMAPSS_DS08a-009 · Engine 12,13,13,Ps30,injected_sensor_anomaly,single_cycle_spike,4.709,Synthetic signal alteration; not an observed fault.,Not applicable; synthetic benchmark only.,Not applicable.,scripts/evaluate_fault_injection_detector.py,known_by_construction,FleetPulse synthetic generator,Does not establish real aircraft fault-detection performance.
SYN-00097,synthetic_injection,N-CMAPSS_DS08a-009,N-CMAPSS_DS08a-009 · Engine 13,7,10,Nf,injected_sensor_anomaly,bias_step,6.606,Synthetic signal alteration; not an observed fault.,Not applicable; synthetic benchmark only.,Not applicable.,scripts/evaluate_fault_injection_detector.py,known_by_construction,FleetPulse synthetic generator,Does not establish real aircraft fault-detection performance.
SYN-00098,synthetic_injection,N-CMAPSS_DS08a-009,N-CMAPSS_DS08a-009 · Engine 13,3,7,P40,injected_sensor_anomaly,gradual_drift,5.477,Synthetic signal alteration; not an observed fault.,Not applicable; synthetic benchmark only.,Not applicable.,scripts/evaluate_fault_injection_detector.py,known_by_construction,FleetPulse synthetic generator,Does not establish real aircraft fault-detection performance.
SYN-00099,synthetic_injection,N-CMAPSS_DS08a-009,N-CMAPSS_DS08a-009 · Engine 13,12,12,T50,injected_sensor_anomaly,single_cycle_spike,4.32,Synthetic signal alteration; not an observed fault.,Not applicable; synthetic benchmark only.,Not applicable.,scripts/evaluate_fault_injection_detector.py,known_by_construction,FleetPulse synthetic generator,Does not establish real aircraft fault-detection performance.
SYN-00100,synthetic_injection,N-CMAPSS_DS08a-009,N-CMAPSS_DS08a-009 · Engine 14,3,6,T30,injected_sensor_anomaly,bias_step,5.195,Synthetic signal alteration; not an observed fault.,Not applicable; synthetic benchmark only.,Not applicable.,scripts/evaluate_fault_injection_detector.py,known_by_construction,FleetPulse synthetic generator,Does not establish real aircraft fault-detection performance.
SYN-00101,synthetic_injection,N-CMAPSS_DS08a-009,N-CMAPSS_DS08a-009 · Engine 14,10,14,P21,injected_sensor_anomaly,gradual_drift,6.39,Synthetic signal alteration; not an observed fault.,Not applicable; synthetic benchmark only.,Not applicable.,scripts/evaluate_fault_injection_detector.py,known_by_construction,FleetPulse synthetic generator,Does not establish real aircraft fault-detection performance.
SYN-00102,synthetic_injection,N-CMAPSS_DS08a-009,N-CMAPSS_DS08a-009 · Engine 14,2,2,Nc,injected_sensor_anomaly,single_cycle_spike,6.627,Synthetic signal alteration; not an observed fault.,Not applicable; synthetic benchmark only.,Not applicable.,scripts/evaluate_fault_injection_detector.py,known_by_construction,FleetPulse synthetic generator,Does not establish real aircraft fault-detection performance.
SYN-00103,synthetic_injection,N-CMAPSS_DS08a-009,N-CMAPSS_DS08a-009 · Engine 15,23,26,Nc,injected_sensor_anomaly,bias_step,5.476,Synthetic signal alteration; not an observed fault.,Not applicable; synthetic benchmark only.,Not applicable.,scripts/evaluate_fault_injection_detector.py,known_by_construction,FleetPulse synthetic generator,Does not establish real aircraft fault-detection performance.
SYN-00104,synthetic_injection,N-CMAPSS_DS08a-009,N-CMAPSS_DS08a-009 · Engine 15,19,23,Ps30,injected_sensor_anomaly,gradual_drift,4.031,Synthetic signal alteration; not an observed fault.,Not applicable; synthetic benchmark only.,Not applicable.,scripts/evaluate_fault_injection_detector.py,known_by_construction,FleetPulse synthetic generator,Does not establish real aircraft fault-detection performance.
SYN-00105,synthetic_injection,N-CMAPSS_DS08a-009,N-CMAPSS_DS08a-009 · Engine 15,8,8,P50,injected_sensor_anomaly,single_cycle_spike,4.82,Synthetic signal alteration; not an observed fault.,Not applicable; synthetic benchmark only.,Not applicable.,scripts/evaluate_fault_injection_detector.py,known_by_construction,FleetPulse synthetic generator,Does not establish real aircraft fault-detection performance.
SYN-00106,synthetic_injection,N-CMAPSS_DS08c-008,N-CMAPSS_DS08c-008 · Engine 10,9,12,P24,injected_sensor_anomaly,bias_step,5.76,Synthetic signal alteration; not an observed fault.,Not applicable; synthetic benchmark only.,Not applicable.,scripts/evaluate_fault_injection_detector.py,known_by_construction,FleetPulse synthetic generator,Does not establish real aircraft fault-detection performance.
SYN-00107,synthetic_injection,N-CMAPSS_DS08c-008,N-CMAPSS_DS08c-008 · Engine 10,3,7,Nf,injected_sensor_anomaly,gradual_drift,5.603,Synthetic signal alteration; not an observed fault.,Not applicable; synthetic benchmark only.,Not applicable.,scripts/evaluate_fault_injection_detector.py,known_by_construction,FleetPulse synthetic generator,Does not establish real aircraft fault-detection performance.
SYN-00108,synthetic_injection,N-CMAPSS_DS08c-008,N-CMAPSS_DS08c-008 · Engine 10,19,19,Nc,injected_sensor_anomaly,single_cycle_spike,6.092,Synthetic signal alteration; not an observed fault.,Not applicable; synthetic benchmark only.,Not applicable.,scripts/evaluate_fault_injection_detector.py,known_by_construction,FleetPulse synthetic generator,Does not establish real aircraft fault-detection performance.
SYN-00109,synthetic_injection,N-CMAPSS_DS08c-008,N-CMAPSS_DS08c-008 · Engine 7,17,20,P40,injected_sensor_anomaly,bias_step,5.159,Synthetic signal alteration; not an observed fault.,Not applicable; synthetic benchmark only.,Not applicable.,scripts/evaluate_fault_injection_detector.py,known_by_construction,FleetPulse synthetic generator,Does not establish real aircraft fault-detection performance.
SYN-00110,synthetic_injection,N-CMAPSS_DS08c-008,N-CMAPSS_DS08c-008 · Engine 7,7,11,T24,injected_sensor_anomaly,gradual_drift,5.18,Synthetic signal alteration; not an observed fault.,Not applicable; synthetic benchmark only.,Not applicable.,scripts/evaluate_fault_injection_detector.py,known_by_construction,FleetPulse synthetic generator,Does not establish real aircraft fault-detection performance.
SYN-00111,synthetic_injection,N-CMAPSS_DS08c-008,N-CMAPSS_DS08c-008 · Engine 7,2,2,Wf,injected_sensor_anomaly,single_cycle_spike,4.533,Synthetic signal alteration; not an observed fault.,Not applicable; synthetic benchmark only.,Not applicable.,scripts/evaluate_fault_injection_detector.py,known_by_construction,FleetPulse synthetic generator,Does not establish real aircraft fault-detection performance.
SYN-00112,synthetic_injection,N-CMAPSS_DS08c-008,N-CMAPSS_DS08c-008 · Engine 8,2,5,P2,injected_sensor_anomaly,bias_step,6.306,Synthetic signal alteration; not an observed fault.,Not applicable; synthetic benchmark only.,Not applicable.,scripts/evaluate_fault_injection_detector.py,known_by_construction,FleetPulse synthetic generator,Does not establish real aircraft fault-detection performance.
SYN-00113,synthetic_injection,N-CMAPSS_DS08c-008,N-CMAPSS_DS08c-008 · Engine 8,11,15,Nf,injected_sensor_anomaly,gradual_drift,5.903,Synthetic signal alteration; not an observed fault.,Not applicable; synthetic benchmark only.,Not applicable.,scripts/evaluate_fault_injection_detector.py,known_by_construction,FleetPulse synthetic generator,Does not establish real aircraft fault-detection performance.
SYN-00114,synthetic_injection,N-CMAPSS_DS08c-008,N-CMAPSS_DS08c-008 · Engine 8,2,2,T30,injected_sensor_anomaly,single_cycle_spike,4.631,Synthetic signal alteration; not an observed fault.,Not applicable; synthetic benchmark only.,Not applicable.,scripts/evaluate_fault_injection_detector.py,known_by_construction,FleetPulse synthetic generator,Does not establish real aircraft fault-detection performance.
SYN-00115,synthetic_injection,N-CMAPSS_DS08c-008,N-CMAPSS_DS08c-008 · Engine 9,6,9,P21,injected_sensor_anomaly,bias_step,5.373,Synthetic signal alteration; not an observed fault.,Not applicable; synthetic benchmark only.,Not applicable.,scripts/evaluate_fault_injection_detector.py,known_by_construction,FleetPulse synthetic generator,Does not establish real aircraft fault-detection performance.
SYN-00116,synthetic_injection,N-CMAPSS_DS08c-008,N-CMAPSS_DS08c-008 · Engine 9,14,18,Ps30,injected_sensor_anomaly,gradual_drift,4.66,Synthetic signal alteration; not an observed fault.,Not applicable; synthetic benchmark only.,Not applicable.,scripts/evaluate_fault_injection_detector.py,known_by_construction,FleetPulse synthetic generator,Does not establish real aircraft fault-detection performance.
SYN-00117,synthetic_injection,N-CMAPSS_DS08c-008,N-CMAPSS_DS08c-008 · Engine 9,7,7,T48,injected_sensor_anomaly,single_cycle_spike,5.734,Synthetic signal alteration; not an observed fault.,Not applicable; synthetic benchmark only.,Not applicable.,scripts/evaluate_fault_injection_detector.py,known_by_construction,FleetPulse synthetic generator,Does not establish real aircraft fault-detection performance.
